ID_hecho,ROL,VICTIMA,SEXO,EDAD,FECHA_FALLECIMIENTO,hrsUntilDisease
2016-0001,CONDUCTOR,MOTO,MASCULINO,19.0,2016-01-01 23:59:59.000000000,19.99972222222222
2016-0002,CONDUCTOR,AUTO,MASCULINO,70.0,2016-01-02 23:59:59.000000000,22.74972222222222
2016-0003,CONDUCTOR,MOTO,MASCULINO,30.0,2016-01-03 23:59:59.000000000,16.99972222222222
2016-0004,CONDUCTOR,MOTO,MASCULINO,18.0,2016-01-11 18:59:30.600924499,42.99183359013861
2016-0005,CONDUCTOR,MOTO,MASCULINO,29.0,2016-02-01 23:59:59.000000000,282.6663888888889
2016-0008,CONDUCTOR,MOTO,MASCULINO,30.0,2016-01-24 23:59:59.000000000,5.499722222222222
2016-0009,PASAJERO_ACOMPAÑANTE,MOTO,MASCULINO,29.0,2016-01-26 23:59:59.000000000,52.83305555555555
2016-0010,CONDUCTOR,MOTO,MASCULINO,18.0,2016-01-29 23:59:59.000000000,8.66638888888889
2016-0012,CONDUCTOR,MOTO,MASCULINO,22.0,2016-02-08 23:59:59.000000000,22.66638888888889
2016-0013,PEATON,PEATON,MASCULINO,16.0,2016-02-10 23:59:59.000000000,12.499722222222223
2016-0015,PEATON,PEATON,FEMENINO,16.0,2016-02-14 23:59:59.000000000,18.76638888888889
2016-0016,PASAJERO_ACOMPAÑANTE,MOTO,FEMENINO,19.0,2016-02-14 23:59:59.000000000,1.9997222222222222
2016-0017,PEATON,PEATON,MASCULINO,59.0,2016-02-16 23:59:59.000000000,31.099722222222223
2016-0019,PEATON,PEATON,FEMENINO,65.0,2016-02-17 23:59:59.000000000,14.499722222222223
2016-0020,PEATON,PEATON,MASCULINO,59.0,2016-03-02 23:59:59.000000000,343.9997222222222
2016-0021,CONDUCTOR,AUTO,MASCULINO,34.0,2016-02-17 23:59:59.000000000,0.41638888888888886
2016-0022,PASAJERO_ACOMPAÑANTE,MOTO,MASCULINO,41.0,2016-02-23 00:59:30.600924499,42.99183359013861
2016-0025,PASAJERO_ACOMPAÑANTE,AUTO,MASCULINO,34.0,2016-02-28 23:59:59.000000000,19.16638888888889
2016-0026,CONDUCTOR,AUTO,MASCULINO,30.0,2016-03-04 23:59:59.000000000,136.49972222222223
2016-0027,PASAJERO_ACOMPAÑANTE,AUTO,MASCULINO,34.0,2016-03-01 04:34:30.600924499,42.99183359013861
2016-0028,PEATON,PEATON,MASCULINO,50.0,2016-03-02 23:59:59.000000000,13.999722222222223
2016-0029,PEATON,PEATON,MASCULINO,38.0,2016-03-04 23:59:59.000000000,6.499722222222222
2016-0031,CONDUCTOR,MOTO,MASCULINO,21.0,2016-03-10 07:29:30.600924499,42.99183359013861
2016-0034,PEATON,PEATON,MASCULINO,52.0,2016-03-12 23:59:59.000000000,11.499722222222223
2016-0035,CONDUCTOR,MOTO,MASCULINO,34.0,2016-03-13 23:59:59.000000000,17.99972222222222
2016-0036,PASAJERO_ACOMPAÑANTE,MOTO,MASCULINO,36.0,2016-03-14 23:59:59.000000000,23.74972222222222
2016-0037,CONDUCTOR,MOTO,MASCULINO,20.0,2016-03-19 23:59:59.000000000,12.999722222222223
2016-0038,PEATON,PEATON,MASCULINO,29.0,2016-03-21 23:59:59.000000000,15.899722222222222
2016-0039,CONDUCTOR,MOTO,MASCULINO,20.0,2016-03-23 23:59:59.000000000,22.16638888888889
2016-0041,CONDUCTOR,MOTO,MASCULINO,54.0,2016-03-29 23:59:59.000000000,12.999722222222223
2016-0041,PASAJERO_ACOMPAÑANTE,MOTO,MASCULINO,39.0,2016-03-30 23:59:59.000000000,36.999722222222225
2016-0043,PEATON,PEATON,FEMENINO,56.0,2016-03-30 23:59:59.000000000,5.749722222222222
2016-0044,CONDUCTOR,MOTO,MASCULINO,24.0,2016-03-31 23:59:59.000000000,4.333055555555555
2016-0045,CONDUCTOR,MOTO,MASCULINO,49.0,2016-04-17 00:29:30.600924499,134.07516692347195
2016-0047,PEATON,PEATON,MASCULINO,41.0,2016-04-15 23:59:59.000000000,18.49972222222222
2016-0048,PEATON,PEATON,FEMENINO,52.0,2016-04-18 18:59:30.600924499,73.32516692347194
2016-0049,,,,50.0,2016-04-21 04:49:30.600924499,100.82516692347194
2016-0050,PEATON,PEATON,MASCULINO,78.0,2016-04-19 23:59:59.000000000,14.16638888888889
2016-0051,CONDUCTOR,MOTO,MASCULINO,36.0,2016-04-20 23:59:59.000000000,19.99972222222222
2016-0052,,MOTO,,55.0,2016-04-24 04:29:30.600924499,80.49183359013861
2016-0053,PEATON,PEATON,MASCULINO,38.0,2016-04-22 23:59:59.000000000,14.499722222222223
2016-0054,CONDUCTOR,MOTO,MASCULINO,30.0,2016-04-25 23:59:59.000000000,50.999722222222225
2016-0055,PEATON,PEATON,MASCULINO,79.0,2016-04-28 23:59:59.000000000,75.49972222222222
2016-0056,CONDUCTOR,MOTO,MASCULINO,26.0,2016-04-26 23:59:59.000000000,19.24972222222222
2016-0058,PEATON,PEATON,FEMENINO,57.0,2016-05-08 23:59:59.000000000,105.99972222222222
2016-0059,PEATON,PEATON,MASCULINO,37.0,2016-05-26 23:59:59.000000000,439.4997222222222
2016-0064,PEATON,PEATON,MASCULINO,20.0,2016-05-22 09:39:30.600924499,183.47516692347193
2016-0065,PEATON,PEATON,MASCULINO,20.0,2016-05-20 23:59:59.000000000,9.333055555555555
2016-0067,PASAJERO_ACOMPAÑANTE,MOTO,FEMENINO,30.0,2016-05-24 16:59:30.600924499,71.99183359013861
2016-0068,CONDUCTOR,MOTO,MASCULINO,58.0,2016-05-24 22:29:30.600924499,48.49183359013861
2016-0069,CONDUCTOR,AUTO,MASCULINO,30.0,2016-05-23 23:59:59.000000000,20.49972222222222
2016-0073,CONDUCTOR,MOTO,MASCULINO,23.0,2016-06-14 01:39:30.600924499,58.658500256805276
2016-0074,CONDUCTOR,AUTO,MASCULINO,60.0,2016-06-14 18:12:30.600924499,59.54183359013861
2016-0075,PEATON,PEATON,MASCULINO,42.0,2016-06-12 23:59:59.000000000,0.7830555555555555
2016-0076,PEATON,PEATON,FEMENINO,53.0,2016-06-13 23:59:59.000000000,7.666388888888889
2016-0077,PEATON,PEATON,FEMENINO,47.0,2016-06-15 18:00:30.600924499,44.14183359013861
2016-0078,CONDUCTOR,MOTO,MASCULINO,30.0,2016-06-18 12:12:30.600924499,109.19183359013861
2016-0079,CONDUCTOR,AUTO,FEMENINO,51.0,2016-06-20 01:41:30.600924499,80.47516692347195
2016-0080,CONDUCTOR,AUTO,MASCULINO,60.0,2016-06-24 02:41:30.600924499,139.9918335901386
2016-0081,CONDUCTOR,MOTO,MASCULINO,40.0,2016-06-29 13:23:30.600924499,173.6918335901386
2016-0082,PEATON,PEATON,MASCULINO,87.0,2016-07-05 23:59:59.000000000,197.59972222222223
2016-0083,PEATON,PEATON,FEMENINO,76.0,2016-06-29 23:59:59.000000000,27.233055555555556
2016-0084,PEATON,PEATON,MASCULINO,57.0,2016-07-08 23:59:59.000000000,217.99972222222223
2016-0085,,MOTO,MASCULINO,45.0,2016-07-02 11:09:30.600924499,61.158500256805276
2016-0086,PEATON,PEATON,MASCULINO,75.0,2016-07-01 23:59:59.000000000,31.833055555555557
2016-0087,CONDUCTOR,MOTO,MASCULINO,23.0,2016-07-03 23:59:59.000000000,47.83305555555555
2016-0088,PEATON,PEATON,FEMENINO,70.0,2016-07-14 23:59:59.000000000,80.49972222222222
2016-0089,PEATON,PEATON,MASCULINO,35.0,2016-07-14 23:59:59.000000000,17.333055555555557
2016-0090,PEATON,PEATON,MASCULINO,60.0,2016-07-15 23:59:59.000000000,25.99972222222222
2016-0092,CONDUCTOR,MOTO,MASCULINO,24.0,2016-07-15 23:59:59.000000000,12.999722222222223
2016-0093,CONDUCTOR,AUTO,MASCULINO,35.0,2016-07-19 23:59:59.000000000,68.49972222222222
2016-0095,CONDUCTOR,MOTO,MASCULINO,29.0,2016-07-23 23:59:59.000000000,17.799722222222222
2016-0096,CONDUCTOR,MOTO,MASCULINO,43.0,2016-07-28 13:44:30.600924499,78.74183359013861
2016-0097,PEATON,PEATON,MASCULINO,80.0,2016-08-12 23:59:59.000000000,413.2497222222222
2016-0098,CONDUCTOR,MOTO,FEMENINO,43.0,2016-07-31 10:59:30.600924499,90.85850025680527
2016-0099,CONDUCTOR,CARGAS,MASCULINO,45.0,2016-08-05 18:26:30.600924499,170.4418335901386
2016-0100,CONDUCTOR,MOTO,MASCULINO,57.0,2016-08-03 23:59:59.000000000,0.5497222222222222
2016-0101,,,MASCULINO,67.0,2016-08-12 18:36:30.600924499,118.90850025680528
2016-0102,CONDUCTOR,MOTO,MASCULINO,29.0,2016-08-16 16:14:30.600924499,136.62516692347194
2016-0104,CONDUCTOR,MOTO,MASCULINO,21.0,2016-08-15 23:59:59.000000000,26.74972222222222
2016-0105,PEATON,PEATON,MASCULINO,19.0,2016-08-26 23:59:59.000000000,239.9163888888889
2016-0106,PEATON,PEATON,MASCULINO,38.0,2016-08-22 03:21:30.600924499,54.32516692347195
2016-0107,CONDUCTOR,MOTO,MASCULINO,21.0,2016-08-26 00:44:30.600924499,136.37516692347194
2016-0109,CONDUCTOR,AUTO,FEMENINO,53.0,2016-08-24 23:59:59.000000000,18.24972222222222
2016-0110,PEATON,PEATON,MASCULINO,57.0,2016-08-27 04:29:30.600924499,56.14183359013861
2016-0111,CONDUCTOR,MOTO,MASCULINO,27.0,2016-08-25 23:59:59.000000000,14.499722222222223
2016-0112,CONDUCTOR,MOTO,MASCULINO,24.0,2016-08-27 23:59:59.000000000,19.333055555555557
2016-0113,PEATON,PEATON,FEMENINO,60.0,2016-09-02 06:19:30.600924499,133.57516692347195
2016-0114,CICLISTA,BICICLETA,FEMENINO,55.0,2016-08-31 23:59:59.000000000,12.66638888888889
2016-0115,,,MASCULINO,37.0,2016-09-04 15:19:30.600924499,51.49183359013861
2016-0116,CONDUCTOR,MOTO,MASCULINO,30.0,2016-09-02 23:59:59.000000000,3.6663888888888887
2016-0117,CONDUCTOR,AUTO,MASCULINO,43.0,2016-09-05 22:29:30.600924499,54.99183359013861
2016-0118,CONDUCTOR,AUTO,MASCULINO,27.0,2016-09-04 23:59:59.000000000,20.49972222222222
2016-0119,PASAJERO_ACOMPAÑANTE,,FEMENINO,25.0,2016-09-15 02:09:30.600924499,259.4918335901386
2016-0122,CICLISTA,BICICLETA,MASCULINO,49.0,2016-09-13 23:59:59.000000000,16.833055555555557
2016-0123,CONDUCTOR,MOTO,FEMENINO,58.0,2016-09-18 10:23:30.600924499,97.39183359013862
2016-0124,PEATON,PEATON,MASCULINO,67.0,2016-09-19 07:13:30.600924499,63.82516692347195
2016-0125,CONDUCTOR,MOTO,MASCULINO,30.0,2016-09-20 17:44:30.600924499,77.50850025680528
2016-0126,CONDUCTOR,AUTO,MASCULINO,37.0,2016-09-26 05:24:30.600924499,174.65850025680527
2016-0126,PASAJERO_ACOMPAÑANTE,AUTO,MASCULINO,60.0,2016-10-04 06:29:30.600924499,367.7418335901386
2016-0127,PEATON,PEATON,MASCULINO,50.0,2016-10-06 07:29:30.600924499,285.07516692347195
2016-0128,PEATON,PEATON,FEMENINO,81.0,2016-10-02 23:59:59.000000000,12.499722222222223
2016-0130,CONDUCTOR,MOTO,MASCULINO,29.0,2016-10-04 23:59:59.000000000,11.499722222222223
2016-0131,PEATON,PEATON,MASCULINO,35.0,2016-10-15 19:04:30.600924499,143.85850025680529
2016-0132,PASAJERO_ACOMPAÑANTE,AUTO,MASCULINO,30.0,2016-10-10 23:59:59.000000000,21.49972222222222
2016-0133,CONDUCTOR,MOTO,MASCULINO,41.0,2016-10-25 23:59:59.000000000,287.9163888888889
2016-0134,CONDUCTOR,MOTO,MASCULINO,25.0,2016-10-23 23:59:59.000000000,18.99972222222222
2016-0135,PEATON,PEATON,MASCULINO,29.0,2016-10-25 23:59:59.000000000,42.999722222222225
2016-0136,CONDUCTOR,MOTO,,36.0,2016-10-29 15:29:30.600924499,111.49183359013861
2016-0137,CONDUCTOR,MOTO,MASCULINO,30.0,2016-10-30 17:59:30.600924499,137.3418335901386
2016-0138,CICLISTA,BICICLETA,FEMENINO,33.0,2016-11-01 21:57:30.600924499,121.45850025680528
2016-0139,PASAJERO_ACOMPAÑANTE,MOTO,FEMENINO,35.0,2016-11-07 18:29:30.600924499,235.4918335901386
2016-0140,PASAJERO_ACOMPAÑANTE,PASAJEROS,MASCULINO,20.0,2016-11-07 23:40:30.600924499,188.70850025680528
2016-0142,CONDUCTOR,MOTO,MASCULINO,46.0,2016-11-05 23:59:59.000000000,0.49972222222222223
2016-0143,CONDUCTOR,MOTO,MASCULINO,35.0,2016-11-09 15:55:30.600924499,83.24183359013861
2016-0144,PEATON,PEATON,MASCULINO,83.0,2016-11-11 14:59:30.600924499,98.82516692347194
2016-0145,CONDUCTOR,MOTO,MASCULINO,39.0,2016-11-07 23:59:59.000000000,3.066388888888889
2016-0146,PEATON,PEATON,FEMENINO,29.0,2016-11-18 17:19:30.600924499,213.32516692347195
2016-0147,PASAJERO_ACOMPAÑANTE,MOVIL,MASCULINO,55.0,2016-11-16 23:59:59.000000000,2.749722222222222
2016-0148,CONDUCTOR,MOTO,MASCULINO,29.0,2016-11-20 15:34:30.600924499,89.24183359013861
2016-0150,PASAJERO_ACOMPAÑANTE,CARGAS,MASCULINO,41.0,2016-11-18 23:59:59.000000000,5.666388888888889
2016-0151,PEATON,PEATON,,53.0,2016-11-27 10:41:30.600924499,206.10850025680529
2016-0152,CONDUCTOR,MOTO,MASCULINO,42.0,2016-11-24 23:59:59.000000000,26.833055555555557
2016-0153,PEATON,PEATON,FEMENINO,83.0,2016-11-25 23:59:59.000000000,8.299722222222222
2016-0154,CONDUCTOR,MOTO,MASCULINO,38.0,2016-11-28 14:39:30.600924499,48.42516692347194
2016-0155,PEATON,PEATON,FEMENINO,29.0,2016-12-05 01:39:30.600924499,200.82516692347195
2016-0156,CONDUCTOR,MOTO,MASCULINO,23.0,2016-11-30 23:59:59.000000000,100.33305555555556
2016-0157,CONDUCTOR,MOTO,MASCULINO,23.0,2016-12-08 00:29:30.600924499,113.82516692347194
2016-0159,CONDUCTOR,AUTO,MASCULINO,23.0,2016-12-08 02:21:30.600924499,91.00850025680528
2016-0160,CONDUCTOR,CARGAS,MASCULINO,29.0,2016-12-06 23:59:59.000000000,18.49972222222222
2016-0161,PEATON,PEATON,MASCULINO,50.0,2016-12-06 23:59:59.000000000,16.633055555555554
2016-0162,PEATON,PEATON,MASCULINO,38.0,2017-01-01 23:59:59.000000000,618.9997222222222
2016-0163,CONDUCTOR,MOTO,MASCULINO,23.0,2016-12-14 03:24:30.600924499,91.90850025680528
2016-0164,CONDUCTOR,AUTO,MASCULINO,29.0,2016-12-15 05:39:30.600924499,95.39183359013862
2016-0165,CICLISTA,BICICLETA,MASCULINO,37.0,2016-12-17 10:29:30.600924499,122.07516692347194
2016-0168,CONDUCTOR,MOTO,MASCULINO,43.0,2016-12-13 23:59:59.000000000,13.333055555555555
2016-0169,CONDUCTOR,MOTO,MASCULINO,24.0,2016-12-16 23:59:59.000000000,32.499722222222225
2016-0170,PASAJERO_ACOMPAÑANTE,MOTO,MASCULINO,21.0,2016-12-19 23:59:59.000000000,6.833055555555555
2016-0171,CONDUCTOR,MOTO,,37.0,2016-12-28 14:51:30.600924499,67.85850025680527
2016-0172,CONDUCTOR,MOTO,MASCULINO,38.0,2016-12-26 23:59:59.000000000,15.999722222222223
2016-0173,CONDUCTOR,MOTO,MASCULINO,35.0,2016-12-29 03:14:30.600924499,55.375166923471944
2016-0174,,,,28.0,2016-12-29 20:40:30.600924499,68.67516692347195
2016-0175,PEATON,PEATON,FEMENINO,55.0,2016-12-30 22:59:30.600924499,86.74183359013861
2016-0176,CONDUCTOR,MOTO,MASCULINO,28.0,2017-01-01 11:17:30.600924499,105.60850025680527
2016-0177,PEATON,PEATON,FEMENINO,27.0,2017-01-03 19:59:30.600924499,135.9918335901386
2016-0178,PEATON,PEATON,FEMENINO,7.0,2017-01-06 22:09:30.600924499,173.85850025680529
2017-0001,CONDUCTOR,MOTO,MASCULINO,18.0,2017-01-02 23:59:59.000000000,22.99972222222222
2017-0003,PASAJERO_ACOMPAÑANTE,CARGAS,MASCULINO,33.0,2017-01-05 23:59:59.000000000,20.833055555555557
2017-0007,PEATON,PEATON,MASCULINO,48.0,2017-01-11 23:59:59.000000000,6.999722222222222
2017-0008,CONDUCTOR,MOTO,MASCULINO,29.0,2017-01-16 23:59:59.000000000,23.333055555555557
2017-0009,CONDUCTOR,MOTO,MASCULINO,36.0,2017-01-16 23:59:59.000000000,10.06638888888889
2017-0010,CONDUCTOR,MOTO,MASCULINO,23.0,2017-01-16 23:59:59.000000000,7.499722222222222
2017-0011,PASAJERO_ACOMPAÑANTE,MOTO,FEMENINO,29.0,2017-01-22 23:59:59.000000000,21.49972222222222
2017-0012,CONDUCTOR,MOTO,MASCULINO,30.0,2017-01-24 23:59:59.000000000,9.999722222222223
2017-0013,PEATON,PEATON,MASCULINO,4.0,2017-01-27 23:59:59.000000000,16.99972222222222
2017-0014,PASAJERO_ACOMPAÑANTE,MOTO,FEMENINO,22.0,2017-01-28 23:59:59.000000000,15.540277777777778
2017-0015,PEATON,PEATON,MASCULINO,82.0,2017-02-21 23:59:59.000000000,464.6988888888889
2017-0016,CONDUCTOR,MOTO,MASCULINO,27.0,2017-02-04 23:59:59.000000000,42.79388888888889
2017-0017,CONDUCTOR,MOTO,MASCULINO,32.0,2017-02-06 23:59:59.000000000,15.999722222222223
2017-0018,CONDUCTOR,MOTO,MASCULINO,30.0,2017-02-09 23:59:59.000000000,16.99972222222222
2017-0021,CONDUCTOR,MOTO,MASCULINO,43.0,2017-02-18 23:59:59.000000000,18.49972222222222
2017-0024,PEATON,PEATON,MASCULINO,39.0,2017-02-23 23:59:59.000000000,3.1663888888888887
2017-0025,CONDUCTOR,MOTO,MASCULINO,23.0,2017-02-24 23:59:59.000000000,6.916388888888889
2017-0026,PASAJERO_ACOMPAÑANTE,AUTO,FEMENINO,23.0,2017-02-26 23:59:59.000000000,18.74972222222222
2017-0026,CONDUCTOR,AUTO,MASCULINO,19.0,2017-02-26 23:59:59.000000000,18.74972222222222
2017-0027,PEATON,PEATON,MASCULINO,34.0,2017-02-26 23:59:59.000000000,2.049722222222222
2017-0028,PEATON,PEATON,MASCULINO,87.0,2017-02-28 23:59:59.000000000,14.66638888888889
2017-0029,,,MASCULINO,34.0,2017-03-07 23:59:59.000000000,21.74972222222222
2017-0030,CONDUCTOR,AUTO,FEMENINO,27.0,2017-03-07 23:59:59.000000000,15.999722222222223
2017-0031,PASAJERO_ACOMPAÑANTE,AUTO,MASCULINO,70.0,2017-03-11 23:59:59.000000000,22.49972222222222
2017-0032,PASAJERO_ACOMPAÑANTE,AUTO,FEMENINO,40.0,2017-03-12 23:59:59.000000000,18.99972222222222
2017-0033,CONDUCTOR,AUTO,MASCULINO,28.0,2017-03-12 23:59:59.000000000,16.49972222222222
2017-0034,PEATON,PEATON,MASCULINO,43.0,2017-03-13 23:59:59.000000000,16.16638888888889
2017-0035,CONDUCTOR,AUTO,MASCULINO,28.0,2017-03-23 23:59:59.000000000,18.99972222222222
2017-0035,PASAJERO_ACOMPAÑANTE,AUTO,MASCULINO,32.0,2017-03-23 23:59:59.000000000,18.99972222222222
2017-0035,PASAJERO_ACOMPAÑANTE,AUTO,MASCULINO,30.0,2017-03-23 23:59:59.000000000,18.99972222222222
2017-0036,PASAJERO_ACOMPAÑANTE,MOTO,FEMENINO,31.0,2017-03-29 23:59:59.000000000,5.999722222222222
2017-0036,CONDUCTOR,MOTO,MASCULINO,20.0,2017-03-29 23:59:59.000000000,5.999722222222222
2017-0037,CONDUCTOR,MOTO,MASCULINO,41.0,2017-03-31 23:59:59.000000000,20.99972222222222
2017-0038,CONDUCTOR,MOTO,FEMENINO,40.0,2017-04-01 23:59:59.000000000,4.999722222222222
2017-0040,CONDUCTOR,AUTO,MASCULINO,43.0,2017-04-03 23:59:59.000000000,14.333055555555555
2017-0041,CONDUCTOR,MOTO,MASCULINO,17.0,2017-05-02 22:47:17.600924499,695.5382224790275
2017-0042,CONDUCTOR,MOTO,MASCULINO,42.0,2017-04-10 23:59:59.000000000,14.999722222222223
2017-0045,CONDUCTOR,MOTO,MASCULINO,21.0,2017-04-14 23:59:59.000000000,17.74972222222222
2017-0047,CONDUCTOR,MOTO,MASCULINO,37.0,2017-04-23 23:59:59.000000000,17.49972222222222
2017-0049,PEATON,PEATON,MASCULINO,22.0,2017-04-27 23:59:59.000000000,5.733055555555556
2017-0050,CONDUCTOR,MOTO,MASCULINO,46.0,2017-04-28 23:59:59.000000000,12.864166666666666
2017-0050,PASAJERO_ACOMPAÑANTE,MOTO,MASCULINO,16.0,2017-04-28 23:59:59.000000000,12.864166666666666
2017-0051,CONDUCTOR,AUTO,MASCULINO,33.0,2017-05-01 23:59:59.000000000,20.203333333333333
2017-0052,PEATON,PEATON,FEMENINO,47.0,2017-05-05 23:59:59.000000000,20.333055555555557
2017-0053,CONDUCTOR,MOTO,MASCULINO,28.0,2017-05-05 23:59:59.000000000,3.7269444444444444
2017-0054,PASAJERO_ACOMPAÑANTE,MOTO,FEMENINO,20.0,2017-05-07 23:59:59.000000000,2.999722222222222
2017-0055,CONDUCTOR,AUTO,MASCULINO,32.0,2017-05-09 23:59:59.000000000,15.499722222222223
2017-0058,PEATON,PEATON,MASCULINO,80.0,2017-05-09 23:59:59.000000000,0.8330555555555555
2017-0059,PEATON,PEATON,FEMENINO,39.0,2017-05-11 23:59:59.000000000,14.599722222222223
2017-0060,PASAJERO_ACOMPAÑANTE,MOTO,MASCULINO,30.0,2017-05-13 23:59:59.000000000,16.66638888888889
2017-0061,PEATON,PEATON,MASCULINO,47.0,2017-05-16 23:59:59.000000000,34.50805555555556
2017-0062,CONDUCTOR,MOTO,MASCULINO,35.0,2017-05-15 23:59:59.000000000,7.999722222222222
2017-0063,PEATON,PEATON,FEMENINO,79.0,2017-05-17 23:59:59.000000000,13.783055555555556
2017-0064,PASAJERO_ACOMPAÑANTE,CARGAS,MASCULINO,61.0,2017-05-20 23:59:59.000000000,18.99972222222222
2017-0065,CICLISTA,BICICLETA,MASCULINO,21.0,2017-05-22 23:59:59.000000000,7.999722222222222
2017-0066,PEATON,PEATON,MASCULINO,10.0,2017-05-22 23:59:59.000000000,5.833055555555555
2017-0067,CONDUCTOR,MOTO,MASCULINO,21.0,2017-05-23 23:59:59.000000000,21.24972222222222
2017-0068,CONDUCTOR,MOTO,MASCULINO,32.0,2017-05-27 23:59:59.000000000,4.166388888888889
2017-0069,CONDUCTOR,MOTO,MASCULINO,39.0,2017-05-29 23:59:59.000000000,129.74972222222223
2017-0070,PEATON,PEATON,MASCULINO,80.0,2017-05-31 23:59:59.000000000,34.66638888888889
2017-0072,CONDUCTOR,AUTO,MASCULINO,25.0,2017-06-03 23:59:59.000000000,0.6663888888888889
2017-0073,CONDUCTOR,MOTO,MASCULINO,19.0,2017-06-04 23:59:59.000000000,14.999722222222223
2017-0074,,,MASCULINO,70.0,2017-06-04 23:59:59.000000000,11.16638888888889
2017-0075,PEATON,PEATON,MASCULINO,55.0,2017-06-12 23:59:59.000000000,1.3663888888888889
2017-0076,PEATON,PEATON,FEMENINO,30.0,2017-06-13 23:59:59.000000000,9.16638888888889
2017-0077,CONDUCTOR,MOTO,FEMENINO,60.0,2017-06-18 23:59:59.000000000,24.24972222222222
2017-0079,CONDUCTOR,MOTO,MASCULINO,33.0,2017-06-19 23:59:59.000000000,7.566388888888889
2017-0080,PEATON,PEATON,FEMENINO,95.0,2017-06-22 23:59:59.000000000,13.749722222222223
2017-0082,PEATON,PEATON,MASCULINO,36.0,2017-06-25 23:59:59.000000000,1.3330555555555557
2017-0083,CONDUCTOR,MOTO,MASCULINO,37.0,2017-07-04 23:59:59.000000000,23.583055555555557
2017-0084,PEATON,PEATON,FEMENINO,73.0,2017-07-05 23:59:59.000000000,11.183055555555555
2017-0085,PEATON,PEATON,MASCULINO,84.0,2017-07-07 23:59:59.000000000,9.749722222222223
2017-0086,PEATON,PEATON,FEMENINO,30.0,2017-07-09 23:59:59.000000000,16.49972222222222
2017-0087,PEATON,PEATON,FEMENINO,73.0,2017-07-10 23:59:59.000000000,13.249722222222223
2017-0088,PEATON,PEATON,MASCULINO,43.0,2017-07-10 23:59:59.000000000,1.4997222222222222
2017-0089,,,MASCULINO,23.0,2017-08-09 14:49:30.600924499,650.7418335901386
2017-0090,PEATON,PEATON,MASCULINO,22.0,2017-07-15 23:59:59.000000000,18.74972222222222
2017-0091,CONDUCTOR,MOTO,MASCULINO,58.0,2017-07-15 23:59:59.000000000,10.999722222222223
2017-0092,PEATON,PEATON,MASCULINO,66.0,2017-07-24 23:59:59.000000000,1.7327777777777778
2017-0093,PEATON,PEATON,MASCULINO,45.0,2017-07-25 23:59:59.000000000,7.188611111111111
2017-0094,CICLISTA,BICICLETA,FEMENINO,56.0,2017-07-27 23:59:59.000000000,15.16638888888889
2017-0095,CONDUCTOR,MOTO,MASCULINO,36.0,2017-08-06 23:59:59.000000000,15.999722222222223
2017-0096,PEATON,PEATON,MASCULINO,87.0,2017-08-07 23:59:59.000000000,4.166388888888889
2017-0098,PEATON,PEATON,FEMENINO,61.0,2017-08-08 23:59:59.000000000,11.833055555555555
2017-0099,CICLISTA,BICICLETA,MASCULINO,28.0,2017-08-17 23:59:59.000000000,4.249722222222222
2017-0100,PASAJERO_ACOMPAÑANTE,MOTO,FEMENINO,16.0,2017-08-21 23:59:59.000000000,16.24972222222222
2017-0101,PEATON,PEATON,FEMENINO,61.0,2017-08-23 23:59:59.000000000,13.999722222222223
2017-0102,PEATON,PEATON,MASCULINO,46.0,2017-08-24 23:59:59.000000000,22.833055555555557
2017-0104,PEATON,PEATON,FEMENINO,18.0,2017-08-25 23:59:59.000000000,14.999722222222223
2017-0106,PEATON,PEATON,FEMENINO,85.0,2017-08-31 23:59:59.000000000,4.166388888888889
2017-0107,CONDUCTOR,MOTO,MASCULINO,41.0,2017-09-01 23:59:59.000000000,12.499722222222223
2017-0108,PASAJERO_ACOMPAÑANTE,AUTO,MASCULINO,17.0,2017-09-02 23:59:59.000000000,19.114166666666666
2017-0108,PASAJERO_ACOMPAÑANTE,AUTO,MASCULINO,10.0,2017-09-02 23:59:59.000000000,19.114166666666666
2017-0109,CONDUCTOR,MOTO,MASCULINO,21.0,2017-09-05 23:59:59.000000000,26.99972222222222
2017-0110,PEATON,PEATON,MASCULINO,56.0,2017-09-07 23:59:59.000000000,33.749722222222225
2017-0111,PEATON,PEATON,FEMENINO,79.0,2017-09-07 23:59:59.000000000,5.606111111111111
2017-0112,PASAJERO_ACOMPAÑANTE,AUTO,MASCULINO,1.0,2017-10-14 09:39:58.600924499,816.1282224790275
2017-0112,PASAJERO_ACOMPAÑANTE,AUTO,MASCULINO,57.0,2017-09-13 23:59:59.000000000,86.46166666666667
2017-0113,PEATON,PEATON,FEMENINO,76.0,2017-09-11 23:59:59.000000000,17.49972222222222
2017-0114,CONDUCTOR,AUTO,MASCULINO,26.0,2017-09-15 23:59:59.000000000,21.49972222222222
2017-0115,CONDUCTOR,MOTO,MASCULINO,34.0,2017-10-19 07:29:30.600924499,708.6160002568053
2017-0116,CONDUCTOR,MOTO,MASCULINO,22.0,2017-09-20 23:59:59.000000000,1.5997222222222223
2017-0118,PASAJERO_ACOMPAÑANTE,MOTO,FEMENINO,26.0,2017-09-29 23:59:59.000000000,184.9638888888889
2017-0120,CONDUCTOR,MOTO,MASCULINO,20.0,2017-10-02 23:59:59.000000000,8.073888888888888
2017-0123,PEATON,PEATON,FEMENINO,36.0,2017-10-10 23:59:59.000000000,22.905833333333334
2017-0124,CONDUCTOR,MOTO,MASCULINO,51.0,2017-10-12 23:59:59.000000000,9.325277777777778
2017-0125,CONDUCTOR,MOTO,MASCULINO,29.0,2017-10-13 23:59:59.000000000,17.794166666666666
2017-0126,PASAJERO_ACOMPAÑANTE,AUTO,MASCULINO,39.0,2017-11-19 06:44:30.600924499,864.4918335901386
2017-0126,CONDUCTOR,AUTO,MASCULINO,36.0,2017-10-14 23:59:59.000000000,17.74972222222222
2017-0127,PASAJERO_ACOMPAÑANTE,MOTO,MASCULINO,24.0,2017-10-16 23:59:59.000000000,16.24972222222222
2017-0128,PEATON,PEATON,FEMENINO,60.0,2017-10-17 23:59:59.000000000,11.499722222222223
2017-0129,CONDUCTOR,MOTO,MASCULINO,57.0,2017-10-26 23:59:59.000000000,4.745555555555556
2017-0130,CONDUCTOR,AUTO,MASCULINO,23.0,2017-10-27 23:59:59.000000000,18.49972222222222
2017-0132,CONDUCTOR,MOTO,MASCULINO,23.0,2017-10-30 23:59:59.000000000,9.999722222222223
2017-0134,PEATON,PEATON,FEMENINO,47.0,2017-11-06 23:59:59.000000000,5.999722222222222
2017-0135,CONDUCTOR,MOTO,MASCULINO,24.0,2017-11-07 23:59:59.000000000,11.76361111111111
2017-0136,PEATON,PEATON,MASCULINO,55.0,2017-11-16 23:59:59.000000000,15.283055555555556
2017-0137,PEATON,PEATON,FEMENINO,60.0,2017-11-17 23:59:59.000000000,12.249722222222223
2017-0138,PASAJERO_ACOMPAÑANTE,MOTO,MASCULINO,25.0,2017-11-19 23:59:59.000000000,13.499722222222223
2017-0139,PASAJERO_ACOMPAÑANTE,AUTO,FEMENINO,15.0,2017-11-19 23:59:59.000000000,1.4997222222222222
2017-0140,CONDUCTOR,MOTO,MASCULINO,24.0,2017-11-19 23:59:59.000000000,0.6283333333333333
2017-0141,PEATON,PEATON,FEMENINO,22.0,2017-11-23 23:59:59.000000000,4.249722222222222
2017-0143,CONDUCTOR,AUTO,MASCULINO,50.0,2017-11-25 23:59:59.000000000,2.249722222222222
2017-0144,PASAJERO_ACOMPAÑANTE,AUTO,FEMENINO,50.0,2017-11-26 23:59:59.000000000,17.24972222222222
2017-0145,CONDUCTOR,MOTO,MASCULINO,58.0,2017-11-26 23:59:59.000000000,6.916388888888889
2017-0147,CONDUCTOR,MOTO,MASCULINO,49.0,2017-11-28 23:59:59.000000000,12.749722222222223
2017-0148,PEATON,PEATON,FEMENINO,82.0,2017-11-29 23:59:59.000000000,13.249722222222223
2017-0149,PEATON,PEATON,MASCULINO,13.0,2017-11-30 23:59:59.000000000,11.66638888888889
2017-0150,PEATON,PEATON,MASCULINO,56.0,2017-12-04 23:59:59.000000000,22.74972222222222
2017-0151,PEATON,PEATON,MASCULINO,46.0,2017-12-04 23:59:59.000000000,21.74972222222222
2017-0152,CICLISTA,BICICLETA,MASCULINO,19.0,2017-12-06 23:59:59.000000000,6.499722222222222
2017-0153,PASAJERO_ACOMPAÑANTE,MOTO,MASCULINO,30.0,2017-12-12 23:59:59.000000000,45.999722222222225
2017-0153,CONDUCTOR,MOTO,MASCULINO,30.0,2017-12-12 23:59:59.000000000,45.999722222222225
2017-0154,PEATON,PEATON,MASCULINO,76.0,2017-12-11 23:59:59.000000000,14.749722222222223
2017-0155,,,MASCULINO,77.0,2018-01-12 16:14:30.600924499,738.813778034583
2017-0157,CONDUCTOR,AUTO,MASCULINO,53.0,2017-12-17 23:59:59.000000000,14.966388888888888
2017-0158,CONDUCTOR,MOTO,MASCULINO,32.0,2017-12-18 23:59:59.000000000,2.499722222222222
2017-0159,CONDUCTOR,MOTO,MASCULINO,27.0,2017-12-20 23:59:59.000000000,19.475555555555555
2017-0160,PEATON,PEATON,FEMENINO,30.0,2017-12-22 23:59:59.000000000,10.749722222222223
2017-0161,PEATON,PEATON,FEMENINO,30.0,2017-12-26 23:59:59.000000000,8.499722222222223
2018-0001,PEATON,PEATON,MASCULINO,83.0,2018-01-02 23:59:59.000000000,25.16638888888889
2018-0002,CICLISTA,BICICLETA,FEMENINO,26.0,2018-01-03 23:59:59.000000000,7.333055555555555
2018-0003,PEATON,PEATON,FEMENINO,58.0,2018-01-05 23:59:59.000000000,13.799722222222222
2018-0004,CONDUCTOR,MOTO,MASCULINO,39.0,2018-01-09 23:59:59.000000000,14.333055555555555
2018-0005,PEATON,PEATON,MASCULINO,54.0,2018-01-09 23:59:59.000000000,1.4997222222222222
2018-0006,CICLISTA,BICICLETA,FEMENINO,45.0,2018-01-10 23:59:59.000000000,2.749722222222222
2018-0007,CONDUCTOR,AUTO,MASCULINO,46.0,2018-01-11 23:59:59.000000000,21.49972222222222
2018-0008,CONDUCTOR,MOTO,FEMENINO,32.0,2018-01-12 23:59:59.000000000,6.166388888888889
2018-0009,CONDUCTOR,MOTO,MASCULINO,19.0,2018-01-14 23:59:59.000000000,21.99972222222222
2018-0010,CONDUCTOR,MOTO,MASCULINO,40.0,2018-01-18 23:59:59.000000000,18.833055555555557
2018-0011,PEATON,PEATON,MASCULINO,84.0,2018-01-19 23:59:59.000000000,13.499722222222223
2018-0012,CONDUCTOR,MOTO,MASCULINO,20.0,2018-01-26 23:59:59.000000000,10.499722222222223
2018-0013,CONDUCTOR,MOTO,MASCULINO,44.0,2018-01-28 23:59:59.000000000,15.749722222222223
2018-0014,PEATON,PEATON,MASCULINO,49.0,2018-02-04 23:59:59.000000000,99.99972222222222
2018-0015,CONDUCTOR,MOTO,MASCULINO,28.0,2018-02-06 23:59:59.000000000,22.99972222222222
2018-0015,PASAJERO_ACOMPAÑANTE,MOTO,MASCULINO,19.0,2018-02-06 23:59:59.000000000,22.99972222222222
2018-0016,CONDUCTOR,MOTO,MASCULINO,31.0,2018-02-15 23:59:59.000000000,13.749722222222223
2018-0017,PEATON,PEATON,MASCULINO,35.0,2018-02-20 23:59:59.000000000,91.74972222222222
2018-0018,CONDUCTOR,MOTO,MASCULINO,26.0,2018-02-17 23:59:59.000000000,16.74972222222222
2018-0019,PEATON,PEATON,FEMENINO,80.0,2018-02-17 23:59:59.000000000,11.499722222222223
2018-0020,CONDUCTOR,MOTO,MASCULINO,26.0,2018-02-19 23:59:59.000000000,1.9997222222222222
2018-0021,PEATON,PEATON,FEMENINO,62.0,2018-02-22 23:59:59.000000000,13.249722222222223
2018-0022,CONDUCTOR,MOTO,MASCULINO,28.0,2018-02-24 23:59:59.000000000,23.99972222222222
2018-0023,CONDUCTOR,MOTO,MASCULINO,28.0,2018-02-24 23:59:59.000000000,17.99972222222222
2018-0024,PEATON,PEATON,MASCULINO,70.0,2018-02-28 23:59:59.000000000,0.9997222222222222
2018-0025,PEATON,PEATON,MASCULINO,70.0,2018-03-05 23:59:59.000000000,25.49972222222222
2018-0026,CONDUCTOR,MOVIL,MASCULINO,24.0,2018-03-09 23:59:59.000000000,19.24972222222222
2018-0026,PASAJERO_ACOMPAÑANTE,MOVIL,MASCULINO,30.0,2018-03-09 23:59:59.000000000,19.24972222222222
2018-0027,PEATON,PEATON,FEMENINO,74.0,2018-03-11 23:59:59.000000000,0.9997222222222222
2018-0028,PEATON,PEATON,MASCULINO,71.0,2018-03-13 23:59:59.000000000,8.249722222222223
2018-0029,CONDUCTOR,MOTO,MASCULINO,26.0,2018-03-15 23:59:59.000000000,5.999722222222222
2018-0030,CONDUCTOR,MOTO,MASCULINO,24.0,2018-03-20 23:59:59.000000000,22.49972222222222
2018-0031,CONDUCTOR,MOTO,MASCULINO,31.0,2018-03-28 23:59:59.000000000,13.749722222222223
2018-0032,PEATON,PEATON,MASCULINO,70.0,2018-04-02 23:59:59.000000000,10.999722222222223
2018-0033,CONDUCTOR,MOTO,FEMENINO,42.0,2018-04-10 23:59:59.000000000,88.49972222222222
2018-0034,PEATON,PEATON,MASCULINO,24.0,2018-04-11 23:59:59.000000000,5.749722222222222
2018-0035,PEATON,PEATON,FEMENINO,39.0,2018-04-12 23:59:59.000000000,7.249722222222222
2018-0036,CONDUCTOR,MOTO,MASCULINO,37.0,2018-04-15 23:59:59.000000000,48.749722222222225
2018-0037,PEATON,PEATON,MASCULINO,84.0,2018-04-19 23:59:59.000000000,29.24972222222222
2018-0038,PEATON,PEATON,FEMENINO,59.0,2018-04-20 23:59:59.000000000,6.833055555555555
2018-0038,PEATON,PEATON,MASCULINO,61.0,2018-04-20 23:59:59.000000000,6.833055555555555
2018-0039,PEATON,PEATON,MASCULINO,37.0,2018-04-21 23:59:59.000000000,1.7497222222222222
2018-0040,PEATON,PEATON,FEMENINO,38.0,2018-04-27 23:59:59.000000000,12.999722222222223
2018-0041,PEATON,PEATON,FEMENINO,78.0,2018-04-27 23:59:59.000000000,10.499722222222223
2018-0042,PASAJERO_ACOMPAÑANTE,MOTO,MASCULINO,23.0,2018-04-27 23:59:59.000000000,5.283055555555555
2018-0043,CONDUCTOR,MOTO,MASCULINO,25.0,2018-04-29 23:59:59.000000000,41.499722222222225
2018-0044,PEATON,PEATON,FEMENINO,50.0,2018-04-28 23:59:59.000000000,14.999722222222223
2018-0045,CONDUCTOR,AUTO,MASCULINO,60.0,2018-04-30 23:59:59.000000000,16.99972222222222
2018-0046,PEATON,PEATON,MASCULINO,11.0,2018-05-02 23:59:59.000000000,20.74972222222222
2018-0047,PEATON,PEATON,MASCULINO,82.0,2018-05-09 23:59:59.000000000,28.99972222222222
2018-0048,PEATON,PEATON,MASCULINO,57.0,2018-05-16 23:59:59.000000000,181.49972222222223
2018-0049,PEATON,PEATON,FEMENINO,40.0,2018-05-13 23:59:59.000000000,52.749722222222225
2018-0050,PEATON,PEATON,FEMENINO,47.0,2018-05-24 23:59:59.000000000,245.24972222222223
2018-0051,PEATON,PEATON,FEMENINO,57.0,2018-05-15 23:59:59.000000000,2.749722222222222
2018-0052,PEATON,PEATON,MASCULINO,78.0,2018-05-19 23:59:59.000000000,27.49972222222222
2018-0053,CONDUCTOR,MOTO,MASCULINO,43.0,2018-05-20 23:59:59.000000000,21.49972222222222
2018-0054,PEATON,PEATON,FEMENINO,86.0,2018-05-25 23:59:59.000000000,84.74972222222222
2018-0055,CONDUCTOR,MOTO,MASCULINO,21.0,2018-05-29 23:59:59.000000000,16.49972222222222
2018-0056,PEATON,PEATON,FEMENINO,69.0,2018-06-04 23:59:59.000000000,58.999722222222225
2018-0057,CONDUCTOR,MOTO,MASCULINO,33.0,2018-06-04 23:59:59.000000000,44.499722222222225
2018-0058,CONDUCTOR,MOTO,MASCULINO,26.0,2018-06-13 23:59:59.000000000,257.4997222222222
2018-0059,CONDUCTOR,MOTO,MASCULINO,54.0,2018-06-08 23:59:59.000000000,17.66638888888889
2018-0060,PEATON,PEATON,MASCULINO,51.0,2018-06-08 23:59:59.000000000,11.16638888888889
2018-0061,CONDUCTOR,MOTO,MASCULINO,51.0,2018-06-10 23:59:59.000000000,12.749722222222223
2018-0062,PEATON,PEATON,MASCULINO,32.0,2018-06-14 23:59:59.000000000,22.99972222222222
2018-0063,PEATON,PEATON,FEMENINO,28.0,2018-06-17 23:59:59.000000000,26.74972222222222
2018-0064,CONDUCTOR,AUTO,MASCULINO,30.0,2018-06-25 23:59:59.000000000,22.74972222222222
2018-0065,CONDUCTOR,MOTO,MASCULINO,35.0,2018-06-26 23:59:59.000000000,6.499722222222222
2018-0066,PEATON,PEATON,MASCULINO,73.0,2018-06-28 23:59:59.000000000,12.999722222222223
2018-0067,PASAJERO_ACOMPAÑANTE,PASAJEROS,FEMENINO,81.0,2018-07-06 23:59:59.000000000,175.74972222222223
2018-0068,CONDUCTOR,MOTO,MASCULINO,21.0,2018-07-01 23:59:59.000000000,14.999722222222223
2018-0069,CICLISTA,BICICLETA,MASCULINO,20.0,2018-07-04 23:59:59.000000000,2.249722222222222
2018-0070,CONDUCTOR,MOTO,MASCULINO,33.0,2018-07-07 23:59:59.000000000,8.249722222222223
2018-0071,CONDUCTOR,MOTO,MASCULINO,37.0,2018-07-10 23:59:59.000000000,6.166388888888889
2018-0072,CONDUCTOR,MOTO,MASCULINO,27.0,2018-07-13 23:59:59.000000000,58.749722222222225
2018-0073,PEATON,PEATON,FEMENINO,67.0,2018-07-11 23:59:59.000000000,8.249722222222223
2018-0074,CONDUCTOR,AUTO,MASCULINO,25.0,2018-07-14 23:59:59.000000000,17.933055555555555
2018-0075,PEATON,PEATON,MASCULINO,23.0,2018-07-15 23:59:59.000000000,16.49972222222222
2018-0076,CONDUCTOR,AUTO,MASCULINO,73.0,2018-07-16 23:59:59.000000000,14.499722222222223
2018-0077,CONDUCTOR,AUTO,MASCULINO,58.0,2018-07-17 23:59:59.000000000,24.74972222222222
2018-0078,PEATON,PEATON,MASCULINO,27.0,2018-07-21 23:59:59.000000000,17.74972222222222
2018-0079,PEATON,PEATON,MASCULINO,39.0,2018-07-23 23:59:59.000000000,16.74972222222222
2018-0080,PEATON,PEATON,MASCULINO,26.0,2018-07-25 23:59:59.000000000,1.6330555555555555
2018-0081,PEATON,PEATON,MASCULINO,35.0,2018-07-29 23:59:59.000000000,17.49972222222222
2018-0082,CONDUCTOR,MOTO,FEMENINO,17.0,2018-08-01 23:59:59.000000000,8.116388888888888
2018-0083,CONDUCTOR,MOTO,MASCULINO,31.0,2018-08-02 23:59:59.000000000,18.66638888888889
2018-0084,PEATON,PEATON,MASCULINO,45.0,2018-08-03 23:59:59.000000000,16.583055555555557
2018-0085,PASAJERO_ACOMPAÑANTE,MOTO,FEMENINO,22.0,2018-08-03 23:59:59.000000000,5.733055555555556
2018-0085,CONDUCTOR,MOTO,MASCULINO,30.0,2018-08-03 23:59:59.000000000,5.733055555555556
2018-0086,PEATON,PEATON,MASCULINO,40.0,2018-08-10 23:59:59.000000000,2.266388888888889
2018-0087,PEATON,PEATON,MASCULINO,75.0,2018-08-20 23:59:59.000000000,124.66638888888889
2018-0088,CONDUCTOR,MOTO,MASCULINO,31.0,2018-08-17 23:59:59.000000000,7.3997222222222225
2018-0089,PEATON,PEATON,MASCULINO,80.0,2018-08-17 23:59:59.000000000,6.066388888888889
2018-0090,CONDUCTOR,MOTO,MASCULINO,27.0,2018-08-18 23:59:59.000000000,13.433055555555555
2018-0091,PASAJERO_ACOMPAÑANTE,AUTO,FEMENINO,23.0,2018-08-19 23:59:59.000000000,5.216388888888889
2018-0092,CONDUCTOR,MOTO,MASCULINO,23.0,2018-08-20 23:59:59.000000000,15.66638888888889
2018-0093,PEATON,PEATON,MASCULINO,24.0,2018-08-20 23:59:59.000000000,15.31638888888889
2018-0094,CONDUCTOR,MOTO,MASCULINO,32.0,2018-08-23 23:59:59.000000000,18.41638888888889
2018-0095,PASAJERO_ACOMPAÑANTE,AUTO,FEMENINO,49.0,2018-08-26 23:59:59.000000000,23.01638888888889
2018-0096,PEATON,PEATON,MASCULINO,39.0,2018-08-31 23:59:59.000000000,1.666388888888889
2018-0097,CONDUCTOR,AUTO,FEMENINO,35.0,2018-09-02 23:59:59.000000000,13.16638888888889
2018-0098,CONDUCTOR,AUTO,MASCULINO,55.0,2018-09-09 23:59:59.000000000,18.99972222222222
2018-0098,PASAJERO_ACOMPAÑANTE,AUTO,MASCULINO,54.0,2018-09-09 23:59:59.000000000,18.99972222222222
2018-0099,PEATON,PEATON,MASCULINO,18.0,2018-09-13 23:59:59.000000000,33.58305555555555
2018-0100,,MOTO,FEMENINO,33.0,2018-09-20 23:59:59.000000000,13.499722222222223
2018-0101,CONDUCTOR,AUTO,MASCULINO,32.0,2018-09-21 23:59:59.000000000,23.74972222222222
2018-0102,CONDUCTOR,MOTO,MASCULINO,20.0,2018-09-21 23:59:59.000000000,23.49972222222222
2018-0103,PEATON,PEATON,MASCULINO,1.0,2018-09-29 23:59:59.000000000,54.14972222222222
2018-0104,CONDUCTOR,MOTO,MASCULINO,22.0,2018-10-01 23:59:59.000000000,15.033055555555556
2018-0105,PEATON,PEATON,FEMENINO,56.0,2018-10-03 23:59:59.000000000,5.799722222222222
2018-0106,CONDUCTOR,MOTO,MASCULINO,27.0,2018-10-04 23:59:59.000000000,1.966388888888889
2018-0107,PEATON,PEATON,FEMENINO,62.0,2018-10-06 23:59:59.000000000,9.66638888888889
2018-0108,CONDUCTOR,MOTO,MASCULINO,37.0,2018-10-10 23:59:59.000000000,33.999722222222225
2018-0109,PEATON,PEATON,MASCULINO,34.0,2018-10-10 23:59:59.000000000,1.7997222222222222
2018-0110,PEATON,PEATON,MASCULINO,60.0,2018-10-14 23:59:59.000000000,44.91638888888889
2018-0111,CONDUCTOR,MOTO,MASCULINO,28.0,2018-10-19 23:59:59.000000000,11.783055555555556
2018-0112,CONDUCTOR,MOTO,FEMENINO,28.0,2018-10-24 23:59:59.000000000,14.699722222222222
2018-0113,CONDUCTOR,MOTO,MASCULINO,20.0,2018-10-25 23:59:59.000000000,12.999722222222223
2018-0114,CONDUCTOR,MOTO,MASCULINO,23.0,2018-10-30 23:59:59.000000000,21.74972222222222
2018-0115,PEATON,PEATON,MASCULINO,42.0,2018-11-01 23:59:59.000000000,35.499722222222225
2018-0116,PEATON,PEATON,MASCULINO,48.0,2018-11-08 23:59:59.000000000,181.1663888888889
2018-0117,CONDUCTOR,MOTO,MASCULINO,30.0,2018-11-08 23:59:59.000000000,111.74972222222222
2018-0118,PEATON,PEATON,FEMENINO,80.0,2018-11-05 23:59:59.000000000,9.183055555555555
2018-0119,PEATON,PEATON,FEMENINO,32.0,2018-11-06 23:59:59.000000000,25.41638888888889
2018-0120,PEATON,PEATON,FEMENINO,51.0,2018-11-20 23:59:59.000000000,274.43305555555554
2018-0121,PEATON,PEATON,FEMENINO,72.0,2018-11-09 23:59:59.000000000,7.466388888888889
2018-0122,CONDUCTOR,AUTO,MASCULINO,33.0,2018-11-12 23:59:59.000000000,22.99972222222222
2018-0123,CONDUCTOR,AUTO,MASCULINO,25.0,2018-11-12 23:59:59.000000000,20.46638888888889
2018-0124,CONDUCTOR,CARGAS,MASCULINO,44.0,2018-11-15 23:59:59.000000000,4.333055555555555
2018-0125,PEATON,PEATON,MASCULINO,29.0,2018-11-17 23:59:59.000000000,26.799722222222222
2018-0126,CONDUCTOR,MOTO,MASCULINO,27.0,2018-11-23 23:59:59.000000000,131.8163888888889
2018-0127,CONDUCTOR,MOTO,MASCULINO,29.0,2018-11-19 23:59:59.000000000,14.766388888888889
2018-0128,PASAJERO_ACOMPAÑANTE,AUTO,MASCULINO,49.0,2018-11-25 23:59:59.000000000,19.49972222222222
2018-0128,PASAJERO_ACOMPAÑANTE,AUTO,FEMENINO,39.0,2018-11-25 23:59:59.000000000,19.49972222222222
2018-0129,CONDUCTOR,MOTO,MASCULINO,37.0,2018-11-30 23:59:59.000000000,67.98305555555555
2018-0130,CONDUCTOR,MOTO,MASCULINO,38.0,2018-12-03 23:59:59.000000000,20.99972222222222
2018-0131,CONDUCTOR,MOTO,MASCULINO,29.0,2018-12-07 23:59:59.000000000,4.833055555555555
2018-0132,PEATON,PEATON,MASCULINO,70.0,2018-12-12 23:59:59.000000000,15.56638888888889
2018-0133,PEATON,PEATON,FEMENINO,60.0,2018-12-12 23:59:59.000000000,9.883055555555556
2018-0134,PEATON,PEATON,MASCULINO,56.0,2018-12-13 23:59:59.000000000,26.99972222222222
2018-0135,PEATON,PEATON,MASCULINO,80.0,2018-12-22 23:59:59.000000000,105.33305555555556
2018-0136,PEATON,PEATON,FEMENINO,70.0,2018-12-18 23:59:59.000000000,8.299722222222222
2018-0137,PASAJERO_ACOMPAÑANTE,MOTO,MASCULINO,29.0,2018-12-19 23:59:59.000000000,27.74972222222222
2018-0138,PASAJERO_ACOMPAÑANTE,PASAJEROS,FEMENINO,79.0,2018-12-21 23:59:59.000000000,14.499722222222223
2018-0139,PASAJERO_ACOMPAÑANTE,MOTO,MASCULINO,28.0,2018-12-24 23:59:59.000000000,65.49972222222222
2018-0140,CONDUCTOR,AUTO,MASCULINO,78.0,2018-12-22 23:59:59.000000000,15.91638888888889
2018-0141,PEATON,PEATON,MASCULINO,75.0,2018-12-24 23:59:59.000000000,54.33305555555555
2018-0142,PASAJERO_ACOMPAÑANTE,CARGAS,MASCULINO,32.0,2019-01-01 23:59:59.000000000,178.49972222222223
2018-0143,CONDUCTOR,MOTO,MASCULINO,22.0,2018-12-29 23:59:59.000000000,18.583055555555557
2019-0001,CONDUCTOR,MOTO,MASCULINO,25.0,2019-01-08 23:59:59.000000000,15.499722222222223
2019-0002,CONDUCTOR,AUTO,MASCULINO,32.0,2019-01-09 23:59:59.000000000,19.99972222222222
2019-0003,CONDUCTOR,MOTO,MASCULINO,23.0,2019-01-12 23:59:59.000000000,15.999722222222223
2019-0004,CONDUCTOR,AUTO,MASCULINO,71.0,2019-01-14 23:59:59.000000000,4.033055555555555
2019-0005,CONDUCTOR,MOTO,MASCULINO,43.0,2019-01-19 23:59:59.000000000,11.999722222222223
2019-0006,PEATON,PEATON,FEMENINO,12.0,2019-01-23 23:59:59.000000000,18.24972222222222
2019-0007,CONDUCTOR,MOTO,MASCULINO,35.0,2019-01-26 23:59:59.000000000,4.433055555555556
2019-0008,CONDUCTOR,MOTO,MASCULINO,42.0,2019-01-31 23:59:59.000000000,25.24972222222222
2019-0009,CONDUCTOR,MOTO,MASCULINO,34.0,2019-01-31 23:59:59.000000000,9.083055555555555
2019-0010,PEATON,PEATON,MASCULINO,41.0,2019-02-02 23:59:59.000000000,16.16638888888889
2019-0010,PEATON,PEATON,MASCULINO,59.0,2019-02-02 23:59:59.000000000,16.16638888888889
2019-0011,PEATON,PEATON,MASCULINO,42.0,2019-02-10 23:59:59.000000000,22.99972222222222
2019-0012,CONDUCTOR,MOTO,MASCULINO,31.0,2019-02-20 23:59:59.000000000,92.73305555555555
2019-0013,PEATON,PEATON,MASCULINO,39.0,2019-03-02 23:59:59.000000000,256.4997222222222
2019-0014,CONDUCTOR,MOTO,MASCULINO,69.0,2019-02-20 23:59:59.000000000,6.499722222222222
2019-0015,CONDUCTOR,AUTO,MASCULINO,21.0,2019-02-23 23:59:59.000000000,17.049722222222222
2019-0016,CONDUCTOR,MOTO,MASCULINO,40.0,2019-02-24 23:59:59.000000000,21.99972222222222
2019-0017,CONDUCTOR,AUTO,MASCULINO,22.0,2019-03-07 23:59:59.000000000,112.99972222222222
2019-0018,PEATON,PEATON,FEMENINO,29.0,2019-03-03 23:59:59.000000000,0.49972222222222223
2019-0019,CONDUCTOR,MOTO,MASCULINO,36.0,2019-03-26 23:59:59.000000000,491.9997222222222
2019-0020,CONDUCTOR,MOTO,MASCULINO,43.0,2019-03-07 23:59:59.000000000,2.9830555555555556
2019-0021,CONDUCTOR,MOTO,MASCULINO,23.0,2019-03-16 23:59:59.000000000,25.16638888888889
2019-0022,PASAJERO_ACOMPAÑANTE,AUTO,MASCULINO,44.0,2019-03-15 23:59:59.000000000,23.99972222222222
2019-0023,CONDUCTOR,AUTO,MASCULINO,34.0,2019-03-16 23:59:59.000000000,15.533055555555556
2019-0024,CONDUCTOR,MOTO,MASCULINO,32.0,2019-03-19 23:59:59.000000000,16.799722222222222
2019-0025,PEATON,PEATON,MASCULINO,27.0,2019-04-04 23:59:59.000000000,322.8330555555556
2019-0026,PEATON,PEATON,MASCULINO,42.0,2019-03-28 23:59:59.000000000,16.46638888888889
2019-0027,CICLISTA,BICICLETA,MASCULINO,37.0,2019-03-28 23:59:59.000000000,12.81638888888889
2019-0028,PEATON,PEATON,FEMENINO,44.0,2019-04-06 23:59:59.000000000,14.749722222222223
2019-0029,CONDUCTOR,MOTO,MASCULINO,27.0,2019-04-07 23:59:59.000000000,13.749722222222223
2019-0030,CONDUCTOR,MOTO,MASCULINO,25.0,2019-04-09 23:59:59.000000000,7.999722222222222
2019-0031,CICLISTA,BICICLETA,MASCULINO,20.0,2019-04-12 23:59:59.000000000,4.083055555555555
2019-0032,PEATON,PEATON,FEMENINO,83.0,2019-04-18 23:59:59.000000000,60.999722222222225
2019-0033,CONDUCTOR,MOTO,MASCULINO,25.0,2019-04-18 23:59:59.000000000,22.99972222222222
2019-0034,CONDUCTOR,MOTO,MASCULINO,43.0,2019-04-21 23:59:59.000000000,14.866388888888888
2019-0035,PEATON,PEATON,FEMENINO,75.0,2019-04-23 23:59:59.000000000,9.833055555555555
2019-0036,CONDUCTOR,MOTO,MASCULINO,34.0,2019-05-02 23:59:59.000000000,145.23305555555555
2019-0037,CONDUCTOR,MOTO,MASCULINO,17.0,2019-05-01 23:59:59.000000000,0.8330555555555555
2019-0038,PEATON,PEATON,FEMENINO,42.0,2019-05-05 23:59:59.000000000,33.83305555555555
2019-0105,PEATON,PEATON,FEMENINO,82.0,2019-05-08 23:59:59.000000000,84.99972222222222
2019-0039,CONDUCTOR,MOTO,MASCULINO,28.0,2019-05-09 23:59:59.000000000,20.91638888888889
2019-0040,CONDUCTOR,MOTO,MASCULINO,44.0,2019-05-15 23:59:59.000000000,155.24972222222223
2019-0041,PASAJERO_ACOMPAÑANTE,AUTO,FEMENINO,78.0,2019-05-11 23:59:59.000000000,3.499722222222222
2019-0042,PEATON,PEATON,MASCULINO,39.0,2019-05-14 23:59:59.000000000,8.999722222222223
2019-0043,CICLISTA,BICICLETA,FEMENINO,47.0,2019-05-21 23:59:59.000000000,14.999722222222223
2019-0044,PEATON,PEATON,FEMENINO,77.0,2019-05-29 23:59:59.000000000,59.249722222222225
2019-0045,CONDUCTOR,MOTO,MASCULINO,33.0,2019-06-03 23:59:59.000000000,16.549722222222222
2019-0046,PASAJERO_ACOMPAÑANTE,MOTO,FEMENINO,26.0,2019-06-04 23:59:59.000000000,14.999722222222223
2019-0047,PEATON,PEATON,MASCULINO,76.0,2019-06-06 23:59:59.000000000,13.999722222222223
2019-0048,CONDUCTOR,MOTO,MASCULINO,32.0,2019-06-07 23:59:59.000000000,16.99972222222222
2019-0049,PEATON,PEATON,FEMENINO,72.0,2019-06-09 23:59:59.000000000,38.66638888888889
2019-0050,CONDUCTOR,MOTO,MASCULINO,21.0,2019-06-09 23:59:59.000000000,24.41638888888889
2019-0051,CONDUCTOR,MOTO,MASCULINO,41.0,2019-06-11 23:59:59.000000000,13.999722222222223
2019-0053,PASAJERO_ACOMPAÑANTE,AUTO,MASCULINO,49.0,2019-06-14 23:59:59.000000000,6.666388888888889
2019-0054,CONDUCTOR,MOTO,MASCULINO,21.0,2019-06-20 23:59:59.000000000,20.99972222222222
2019-0055,CONDUCTOR,MOTO,MASCULINO,47.0,2019-06-21 23:59:59.000000000,28.24972222222222
2019-0056,PEATON,PEATON,FEMENINO,75.0,2019-06-29 23:59:59.000000000,6.733055555555556
2019-0057,PEATON,PEATON,FEMENINO,63.0,2019-07-08 23:59:59.000000000,76.99972222222222
2019-0058,CONDUCTOR,MOTO,MASCULINO,39.0,2019-07-10 23:59:59.000000000,14.66638888888889
2019-0059,CONDUCTOR,MOTO,MASCULINO,30.0,2019-07-13 23:59:59.000000000,1.416388888888889
2019-0060,PEATON,PEATON,FEMENINO,78.0,2019-07-17 23:59:59.000000000,12.66638888888889
2019-0061,PEATON,PEATON,FEMENINO,58.0,2019-07-17 23:59:59.000000000,5.333055555555555
2019-0062,PEATON,PEATON,FEMENINO,60.0,2019-08-02 23:59:59.000000000,24.99972222222222
2019-0063,PASAJERO_ACOMPAÑANTE,MOTO,MASCULINO,46.0,2019-08-04 23:59:59.000000000,22.49972222222222
2019-0064,CONDUCTOR,MOTO,MASCULINO,20.0,2019-08-06 23:59:59.000000000,20.74972222222222
2019-0065,PEATON,PEATON,FEMENINO,55.0,2019-08-09 23:59:59.000000000,31.24972222222222
2019-0066,PEATON,PEATON,MASCULINO,40.0,2019-08-11 23:59:59.000000000,2.749722222222222
2019-0067,CONDUCTOR,MOTO,MASCULINO,35.0,2019-08-14 23:59:59.000000000,8.999722222222223
2019-0068,CONDUCTOR,MOTO,MASCULINO,53.0,2019-08-14 23:59:59.000000000,6.333055555555555
2019-0069,CONDUCTOR,MOTO,MASCULINO,43.0,2019-08-17 23:59:59.000000000,18.583055555555557
2019-0070,CONDUCTOR,MOTO,MASCULINO,25.0,2019-08-22 23:59:59.000000000,11.499722222222223
2019-0071,PEATON,PEATON,MASCULINO,41.0,2019-08-27 23:59:59.000000000,12.499722222222223
2019-0072,CONDUCTOR,AUTO,MASCULINO,22.0,2019-09-02 23:59:59.000000000,137.6663888888889
2019-0073,CONDUCTOR,AUTO,MASCULINO,29.0,2019-09-06 23:59:59.000000000,214.1663888888889
2019-0074,CONDUCTOR,MOTO,MASCULINO,35.0,2019-08-29 23:59:59.000000000,14.999722222222223
2019-0075,CONDUCTOR,MOTO,MASCULINO,31.0,2019-08-30 23:59:59.000000000,0.6663888888888889
2019-0076,CONDUCTOR,MOTO,FEMENINO,29.0,2019-09-05 23:59:59.000000000,5.999722222222222
2019-0077,PEATON,PEATON,FEMENINO,28.0,2019-09-08 23:59:59.000000000,20.333055555555557
2019-0078,PEATON,PEATON,FEMENINO,72.0,2019-09-15 23:59:59.000000000,87.58305555555556
2019-0079,CONDUCTOR,MOTO,MASCULINO,57.0,2019-09-17 23:59:59.000000000,18.49972222222222
2019-0080,PEATON,PEATON,MASCULINO,76.0,2019-09-17 23:59:59.000000000,5.333055555555555
2019-0081,PEATON,PEATON,MASCULINO,67.0,2019-10-07 23:59:59.000000000,343.9997222222222
2019-0082,CICLISTA,BICICLETA,MASCULINO,47.0,2019-09-25 23:59:59.000000000,16.24972222222222
2019-0083,CONDUCTOR,AUTO,MASCULINO,73.0,2019-09-26 23:59:59.000000000,15.999722222222223
2019-0084,CICLISTA,BICICLETA,FEMENINO,40.0,2019-09-27 23:59:59.000000000,12.249722222222223
2019-0085,CICLISTA,BICICLETA,MASCULINO,20.0,2019-10-09 23:59:59.000000000,1.6997222222222221
2019-0086,CONDUCTOR,MOTO,MASCULINO,29.0,2019-10-15 23:59:59.000000000,9.833055555555555
2019-0087,CONDUCTOR,MOTO,MASCULINO,41.0,2019-10-21 23:59:59.000000000,2.999722222222222
2019-0088,PEATON,PEATON,MASCULINO,27.0,2019-10-22 23:59:59.000000000,3.999722222222222
2019-0089,PEATON,PEATON,FEMENINO,92.0,2019-10-23 23:59:59.000000000,8.249722222222223
2019-0090,PEATON,PEATON,MASCULINO,67.0,2019-10-26 23:59:59.000000000,53.56638888888889
2019-0091,PEATON,PEATON,MASCULINO,35.0,2019-11-01 23:59:59.000000000,3.1663888888888887
2019-0092,PEATON,PEATON,MASCULINO,37.0,2019-11-03 23:59:59.000000000,13.499722222222223
2019-0093,CICLISTA,BICICLETA,MASCULINO,16.0,2019-11-13 23:59:59.000000000,12.16638888888889
2019-0094,PASAJERO_ACOMPAÑANTE,MOTO,FEMENINO,34.0,2019-11-18 23:59:59.000000000,9.999722222222223
2019-0095,CONDUCTOR,MOTO,MASCULINO,24.0,2019-11-20 23:59:59.000000000,8.499722222222223
2019-0096,PEATON,PEATON,MASCULINO,73.0,2019-11-22 23:59:59.000000000,4.449722222222222
2019-0097,PASAJERO_ACOMPAÑANTE,MOTO,FEMENINO,23.0,2019-11-25 23:59:59.000000000,15.16638888888889
2019-0098,PASAJERO_ACOMPAÑANTE,PASAJEROS,FEMENINO,61.0,2019-11-29 23:59:59.000000000,105.99972222222222
2019-0100,CONDUCTOR,MOTO,MASCULINO,38.0,2019-12-18 23:59:59.000000000,318.4997222222222
2019-0101,CONDUCTOR,MOTO,MASCULINO,25.0,2019-12-17 23:59:59.000000000,19.66638888888889
2019-0102,CONDUCTOR,MOTO,MASCULINO,18.0,2019-12-18 23:59:59.000000000,33.499722222222225
2019-0103,CONDUCTOR,MOTO,MASCULINO,24.0,2019-12-18 23:59:59.000000000,11.976944444444445
2019-0104,PASAJERO_ACOMPAÑANTE,MOTO,FEMENINO,23.0,2019-12-22 23:59:59.000000000,43.58305555555555
2020-0001,PEATON,PEATON,FEMENINO,87.0,2020-01-04 23:59:59.000000000,13.333055555555555
2020-0002,CONDUCTOR,MOTO,MASCULINO,36.0,2020-01-07 23:59:59.000000000,51.999722222222225
2020-0003,PEATON,PEATON,MASCULINO,44.0,2020-01-11 23:59:59.000000000,17.99972222222222
2020-0004,PEATON,PEATON,MASCULINO,82.0,2020-01-15 23:59:59.000000000,26.333055555555557
2020-0005,CONDUCTOR,MOTO,MASCULINO,25.0,2020-02-10 23:59:59.000000000,665.9997222222222
2020-0006,CONDUCTOR,MOTO,MASCULINO,23.0,2020-01-20 23:59:59.000000000,11.083055555555555
2020-0007,PEATON,PEATON,MASCULINO,52.0,2020-01-27 23:59:59.000000000,23.383055555555554
2020-0008,CONDUCTOR,MOTO,MASCULINO,49.0,2020-01-30 23:59:59.000000000,16.833055555555557
2020-0009,PEATON,PEATON,MASCULINO,48.0,2020-02-05 23:59:59.000000000,33.16638888888889
2020-0010,CONDUCTOR,MOTO,MASCULINO,39.0,2020-02-08 23:59:59.000000000,18.24972222222222
2020-0011,CONDUCTOR,MOTO,MASCULINO,31.0,2020-02-12 23:59:59.000000000,12.516388888888889
2020-0012,PEATON,PEATON,FEMENINO,66.0,2020-02-18 23:59:59.000000000,2.999722222222222
2020-0013,PEATON,PEATON,FEMENINO,58.0,2020-03-03 23:59:59.000000000,299.9997222222222
2020-0014,CONDUCTOR,MOTO,MASCULINO,25.0,2020-02-27 23:59:59.000000000,21.76638888888889
2020-0015,CONDUCTOR,MOTO,MASCULINO,29.0,2020-02-28 23:59:59.000000000,9.499722222222223
2020-0016,PEATON,PEATON,MASCULINO,68.0,2020-03-09 23:59:59.000000000,226.99972222222223
2020-0017,PEATON,PEATON,MASCULINO,37.0,2020-03-05 23:59:59.000000000,0.9997222222222222
2020-0018,CONDUCTOR,MOTO,MASCULINO,31.0,2020-03-09 23:59:59.000000000,9.999722222222223
2020-0019,PEATON,PEATON,FEMENINO,80.0,2020-03-10 23:59:59.000000000,2.999722222222222
2020-0020,PEATON,PEATON,FEMENINO,74.0,2020-03-17 23:59:59.000000000,102.49972222222222
2020-0021,PEATON,PEATON,FEMENINO,87.0,2020-03-14 23:59:59.000000000,7.166388888888889
2020-0022,PASAJERO_ACOMPAÑANTE,AUTO,MASCULINO,44.0,2020-04-07 23:59:59.000000000,17.74972222222222
2020-0023,CONDUCTOR,AUTO,MASCULINO,44.0,2020-05-03 23:59:59.000000000,581.2997222222223
2020-0024,CONDUCTOR,AUTO,MASCULINO,53.0,2020-04-24 23:59:59.000000000,16.033055555555556
2020-0025,PEATON,PEATON,MASCULINO,51.0,2020-05-12 23:59:59.000000000,18.41638888888889
2020-0026,CONDUCTOR,MOTO,MASCULINO,28.0,2020-05-17 23:59:59.000000000,17.333055555555557
2020-0027,PEATON,PEATON,MASCULINO,76.0,2020-05-18 23:59:59.000000000,15.999722222222223
2020-0028,PEATON,PEATON,MASCULINO,91.0,2020-05-23 23:59:59.000000000,109.99972222222222
2020-0029,PEATON,PEATON,MASCULINO,80.0,2020-06-12 23:59:59.000000000,57.999722222222225
2020-0030,CONDUCTOR,MOTO,MASCULINO,40.0,2020-06-16 23:59:59.000000000,8.999722222222223
2020-0031,CONDUCTOR,MOTO,MASCULINO,29.0,2020-06-30 23:59:59.000000000,15.999722222222223
2020-0032,CONDUCTOR,MOTO,MASCULINO,21.0,2020-07-10 23:59:59.000000000,0.9997222222222222
2020-0033,CONDUCTOR,AUTO,MASCULINO,32.0,2020-07-19 23:59:59.000000000,17.583055555555557
2020-0034,PEATON,PEATON,FEMENINO,45.0,2020-08-02 23:59:59.000000000,20.66638888888889
2020-0035,CONDUCTOR,MOTO,MASCULINO,40.0,2020-08-04 23:59:59.000000000,18.49972222222222
2020-0036,PEATON,PEATON,MASCULINO,72.0,2020-08-22 23:59:59.000000000,365.3330555555556
2020-0037,PEATON,PEATON,MASCULINO,38.0,2020-08-29 23:59:59.000000000,19.49972222222222
2020-0038,CONDUCTOR,AUTO,MASCULINO,46.0,2020-08-30 23:59:59.000000000,19.99972222222222
2020-0038,CONDUCTOR,AUTO,MASCULINO,64.0,2020-08-30 23:59:59.000000000,19.99972222222222
2020-0039,PEATON,PEATON,MASCULINO,44.0,2020-09-01 23:59:59.000000000,4.704722222222222
2020-0040,CONDUCTOR,AUTO,MASCULINO,42.0,2020-09-12 23:59:59.000000000,20.49972222222222
2020-0041,CONDUCTOR,MOTO,MASCULINO,34.0,2020-09-28 23:59:59.000000000,22.24972222222222
2020-0042,PEATON,PEATON,FEMENINO,53.0,2020-09-29 23:59:59.000000000,6.833055555555555
2020-0043,PEATON,PEATON,MASCULINO,64.0,2020-09-30 23:59:59.000000000,6.666388888888889
2020-0044,CONDUCTOR,AUTO,MASCULINO,43.0,2020-10-05 23:59:59.000000000,23.66638888888889
2020-0045,CONDUCTOR,AUTO,MASCULINO,50.0,2020-10-19 23:59:59.000000000,20.99972222222222
2020-0046,CONDUCTOR,MOTO,MASCULINO,41.0,2020-10-27 23:59:59.000000000,2.999722222222222
2020-0047,PEATON,PEATON,MASCULINO,15.0,2020-10-27 23:59:59.000000000,9.999722222222223
2020-0048,CONDUCTOR,MOTO,MASCULINO,41.0,2020-10-29 23:59:59.000000000,3.6663888888888887
2020-0049,PEATON,PEATON,MASCULINO,36.0,2020-10-30 23:59:59.000000000,3.999722222222222
2020-0050,PEATON,PEATON,FEMENINO,28.0,2020-11-01 23:59:59.000000000,1.9997222222222222
2020-0051,CONDUCTOR,MOTO,MASCULINO,49.0,2020-11-05 23:59:59.000000000,23.333055555555557
2020-0052,CICLISTA,BICICLETA,MASCULINO,44.0,2020-11-07 23:59:59.000000000,17.16638888888889
2020-0053,PASAJERO_ACOMPAÑANTE,AUTO,MASCULINO,27.0,2020-11-09 23:59:59.000000000,20.49972222222222
2020-0054,CICLISTA,BICICLETA,MASCULINO,59.0,2020-11-23 23:59:59.000000000,110.99972222222222
2020-0055,PEATON,PEATON,MASCULINO,91.0,2020-12-11 23:59:59.000000000,539.4997222222222
2020-0056,CONDUCTOR,MOTO,FEMENINO,34.0,2020-11-21 23:59:59.000000000,10.999722222222223
2020-0057,PEATON,PEATON,MASCULINO,84.0,2020-11-23 23:59:59.000000000,16.24972222222222
2020-0058,PEATON,PEATON,MASCULINO,57.0,2020-11-25 23:59:59.000000000,31.99972222222222
2020-0059,PEATON,PEATON,FEMENINO,49.0,2020-12-14 23:59:59.000000000,329.4163888888889
2020-0060,PEATON,PEATON,FEMENINO,69.0,2020-12-03 23:59:59.000000000,3.499722222222222
2020-0061,CONDUCTOR,MOTO,MASCULINO,45.0,2020-12-04 23:59:59.000000000,33.33305555555555
2020-0062,CICLISTA,BICICLETA,MASCULINO,47.0,2020-12-04 23:59:59.000000000,6.683055555555556
2020-0063,PEATON,PEATON,MASCULINO,38.0,2020-12-05 23:59:59.000000000,16.833055555555557
2020-0063,PASAJERO_ACOMPAÑANTE,MOTO,MASCULINO,21.0,2020-12-05 23:59:59.000000000,16.833055555555557
2020-0065,CONDUCTOR,MOTO,MASCULINO,24.0,2020-12-06 23:59:59.000000000,31.99972222222222
2020-0066,CONDUCTOR,MOTO,MASCULINO,27.0,2020-12-07 23:59:59.000000000,19.49972222222222
2020-0067,PEATON,PEATON,MASCULINO,51.0,2020-12-11 23:59:59.000000000,1.9997222222222222
2020-0068,CONDUCTOR,MOTO,MASCULINO,71.0,2020-12-20 23:59:59.000000000,195.49972222222223
2020-0069,PASAJERO_ACOMPAÑANTE,MOTO,MASCULINO,25.0,2020-12-15 23:59:59.000000000,18.66638888888889
2020-0070,PEATON,PEATON,FEMENINO,81.0,2020-12-22 23:59:59.000000000,128.4163888888889
2020-0071,PEATON,PEATON,MASCULINO,4.0,2020-12-17 23:59:59.000000000,0.9997222222222222
2020-0072,CICLISTA,BICICLETA,MASCULINO,42.0,2020-12-19 23:59:59.000000000,20.49972222222222
2020-0073,CONDUCTOR,MOTO,MASCULINO,56.0,2020-12-20 23:59:59.000000000,16.333055555555557
2020-0074,CONDUCTOR,AUTO,MASCULINO,39.0,2020-12-20 23:59:59.000000000,2.999722222222222
2020-0075,PEATON,PEATON,MASCULINO,23.0,2020-12-23 23:59:59.000000000,9.999722222222223
2020-0076,CONDUCTOR,AUTO,FEMENINO,78.0,2021-01-17 23:59:59.000000000,587.4997222222222
2020-0077,CONDUCTOR,MOTO,FEMENINO,30.0,2020-12-25 23:59:59.000000000,17.333055555555557
2020-0077,PASAJERO_ACOMPAÑANTE,MOTO,FEMENINO,24.0,2020-12-25 23:59:59.000000000,17.333055555555557
2020-0078,CICLISTA,BICICLETA,MASCULINO,26.0,2020-12-25 23:59:59.000000000,18.16638888888889
2020-0079,CONDUCTOR,MOTO,MASCULINO,28.0,2020-12-27 23:59:59.000000000,19.74972222222222
2021-0001,CONDUCTOR,MOTO,MASCULINO,36.0,2021-01-06 23:59:59.000000000,5.999722222222222
2021-0002,CONDUCTOR,MOTO,FEMENINO,47.0,2021-01-07 23:59:59.000000000,13.66638888888889
2021-0003,CONDUCTOR,MOTO,MASCULINO,27.0,2021-01-10 23:59:59.000000000,16.333055555555557
2021-0004,PEATON,PEATON,FEMENINO,61.0,2021-01-11 23:59:59.000000000,14.794722222222223
2021-0005,PEATON,PEATON,MASCULINO,73.0,2021-01-14 23:59:59.000000000,74.49972222222222
2021-0006,PASAJERO_ACOMPAÑANTE,MOTO,FEMENINO,23.0,2021-01-12 23:59:59.000000000,2.999722222222222
2021-0007,CONDUCTOR,MOTO,MASCULINO,84.0,2021-01-26 23:59:59.000000000,205.99972222222223
2021-0008,PEATON,PEATON,MASCULINO,28.0,2021-01-22 23:59:59.000000000,0.49972222222222223
2021-0009,CONDUCTOR,MOTO,MASCULINO,31.0,2021-01-23 23:59:59.000000000,18.49972222222222
2021-0010,CONDUCTOR,MOTO,MASCULINO,28.0,2021-01-23 23:59:59.000000000,15.999722222222223
2021-0011,PEATON,PEATON,MASCULINO,21.0,2021-01-27 23:59:59.000000000,22.925833333333333
2021-0012,PEATON,PEATON,MASCULINO,39.0,2021-01-29 23:59:59.000000000,3.8769444444444443
2021-0013,CONDUCTOR,MOTO,MASCULINO,41.0,2021-01-31 23:59:59.000000000,17.833055555555557
2021-0014,PEATON,PEATON,MASCULINO,28.0,2021-02-18 23:59:59.000000000,407.1663888888889
2021-0015,CONDUCTOR,MOTO,MASCULINO,26.0,2021-02-06 23:59:59.000000000,20.91638888888889
2021-0016,CONDUCTOR,AUTO,MASCULINO,22.0,2021-02-14 23:59:59.000000000,18.16638888888889
2021-0017,CONDUCTOR,MOTO,MASCULINO,33.0,2021-02-17 23:59:59.000000000,19.833055555555557
2021-0018,PEATON,PEATON,MASCULINO,36.0,2021-03-08 23:59:59.000000000,388.9997222222222
2021-0019,CONDUCTOR,MOTO,MASCULINO,30.0,2021-02-21 23:59:59.000000000,22.66638888888889
2021-0020,PEATON,PEATON,FEMENINO,42.0,2021-02-21 23:59:59.000000000,8.999722222222223
2021-0021,CONDUCTOR,MOTO,MASCULINO,39.0,2021-03-04 23:59:59.000000000,162.49972222222223
2021-0022,PASAJERO_ACOMPAÑANTE,PASAJEROS,MASCULINO,68.0,2021-03-06 23:59:59.000000000,155.99972222222223
2021-0023,CONDUCTOR,MOTO,MASCULINO,24.0,2021-03-01 23:59:59.000000000,14.66638888888889
2021-0024,CICLISTA,BICICLETA,MASCULINO,5.0,2021-03-03 23:59:59.000000000,7.499722222222222
2021-0025,CONDUCTOR,MOTO,MASCULINO,37.0,2021-03-11 23:59:59.000000000,20.24972222222222
2021-0026,CONDUCTOR,MOTO,MASCULINO,36.0,2021-03-15 23:59:59.000000000,21.41638888888889
2021-0027,CONDUCTOR,MOTO,FEMENINO,19.0,2021-03-16 23:59:59.000000000,8.499722222222223
2021-0028,PEATON,PEATON,MASCULINO,38.0,2021-03-29 23:59:59.000000000,6.666388888888889
2021-0029,CONDUCTOR,AUTO,MASCULINO,26.0,2021-04-02 23:59:59.000000000,53.91638888888889
2021-0030,PEATON,PEATON,MASCULINO,36.0,2021-04-07 23:59:59.000000000,101.49972222222222
2021-0031,PEATON,PEATON,FEMENINO,68.0,2021-04-11 23:59:59.000000000,109.51638888888888
2021-0032,PEATON,PEATON,MASCULINO,60.0,2021-04-29 23:59:59.000000000,460.0830555555556
2021-0033,CONDUCTOR,AUTO,MASCULINO,33.0,2021-04-14 23:59:59.000000000,6.166388888888889
2021-0034,PASAJERO_ACOMPAÑANTE,MOTO,FEMENINO,26.0,2021-04-19 23:59:59.000000000,9.333055555555555
2021-0035,CONDUCTOR,MOTO,MASCULINO,24.0,2021-05-03 23:59:59.000000000,14.66638888888889
2021-0036,CONDUCTOR,MOTO,MASCULINO,36.0,2021-05-09 23:59:59.000000000,17.99972222222222
2021-0037,PEATON,PEATON,FEMENINO,58.0,2021-05-11 23:59:59.000000000,16.833055555555557
2021-0038,CONDUCTOR,MOTO,FEMENINO,44.0,2021-05-14 23:59:59.000000000,12.333055555555555
2021-0039,CICLISTA,BICICLETA,MASCULINO,86.0,2021-06-05 23:59:59.000000000,515.8497222222222
2021-0040,CONDUCTOR,MOTO,MASCULINO,27.0,2021-05-20 23:59:59.000000000,18.16638888888889
2021-0041,PEATON,PEATON,MASCULINO,75.0,2021-05-20 23:59:59.000000000,15.499722222222223
2021-0042,PEATON,PEATON,MASCULINO,39.0,2021-05-21 23:59:59.000000000,18.99972222222222
2021-0043,PEATON,PEATON,MASCULINO,50.0,2021-05-22 23:59:59.000000000,5.566388888888889
2021-0044,PASAJERO_ACOMPAÑANTE,MOTO,MASCULINO,21.0,2021-05-25 23:59:59.000000000,21.99972222222222
2021-0045,CONDUCTOR,MOTO,MASCULINO,22.0,2021-05-26 23:59:59.000000000,6.599722222222222
2021-0046,PASAJERO_ACOMPAÑANTE,AUTO,MASCULINO,20.0,2021-05-31 23:59:59.000000000,21.99972222222222
2021-0047,CONDUCTOR,MOTO,MASCULINO,59.0,2021-06-02 23:59:59.000000000,7.999722222222222
2021-0048,CICLISTA,BICICLETA,MASCULINO,44.0,2021-06-23 23:59:59.000000000,494.03305555555556
2021-0049,CONDUCTOR,AUTO,MASCULINO,74.0,2021-06-03 23:59:59.000000000,3.499722222222222
2021-0050,CONDUCTOR,MOTO,MASCULINO,56.0,2021-06-10 23:59:59.000000000,10.499722222222223
2021-0051,PEATON,PEATON,MASCULINO,73.0,2021-06-16 23:59:59.000000000,28.66638888888889
2021-0052,PASAJERO_ACOMPAÑANTE,MOTO,FEMENINO,19.0,2021-06-20 23:59:59.000000000,18.333055555555557
2021-0053,PEATON,PEATON,MASCULINO,58.0,2021-06-30 23:59:59.000000000,251.99972222222223
2021-0054,CONDUCTOR,MOTO,MASCULINO,41.0,2021-06-22 23:59:59.000000000,9.266388888888889
2021-0055,PASAJERO_ACOMPAÑANTE,MOTO,MASCULINO,47.0,2021-06-29 23:59:59.000000000,11.66638888888889
2021-0056,CICLISTA,BICICLETA,MASCULINO,60.0,2021-07-09 23:59:59.000000000,0.5830555555555555
2021-0057,CONDUCTOR,AUTO,MASCULINO,46.0,2021-07-10 23:59:59.000000000,0.49972222222222223
2021-0058,PEATON,PEATON,MASCULINO,24.0,2021-07-21 23:59:59.000000000,23.333055555555557
2021-0059,PASAJERO_ACOMPAÑANTE,AUTO,FEMENINO,44.0,2021-07-22 23:59:59.000000000,22.66638888888889
2021-0060,PEATON,PEATON,FEMENINO,80.0,2021-07-22 23:59:59.000000000,11.499722222222223
2021-0061,PEATON,PEATON,FEMENINO,55.0,2021-07-24 23:59:59.000000000,14.749722222222223
2021-0062,CONDUCTOR,AUTO,MASCULINO,73.0,2021-07-27 23:59:59.000000000,16.733055555555556
2021-0063,PASAJERO_ACOMPAÑANTE,AUTO,FEMENINO,31.0,2021-08-02 23:59:59.000000000,19.333055555555557
2021-0064,PEATON,PEATON,MASCULINO,37.0,2021-08-03 23:59:59.000000000,27.99972222222222
2021-0065,PEATON,PEATON,FEMENINO,63.0,2021-08-10 23:59:59.000000000,111.49972222222222
2021-0066,PEATON,PEATON,MASCULINO,59.0,2021-08-09 23:59:59.000000000,75.99972222222222
2021-0067,CONDUCTOR,MOTO,MASCULINO,27.0,2021-08-08 23:59:59.000000000,14.516388888888889
2021-0068,CONDUCTOR,MOTO,MASCULINO,39.0,2021-08-15 23:59:59.000000000,17.833055555555557
2021-0069,PEATON,PEATON,MASCULINO,17.0,2021-08-21 23:59:59.000000000,30.74972222222222
2021-0070,CONDUCTOR,MOTO,MASCULINO,31.0,2021-08-28 23:59:59.000000000,15.499722222222223
2021-0071,PEATON,PEATON,MASCULINO,88.0,2021-09-01 23:59:59.000000000,31.99972222222222
2021-0072,PEATON,PEATON,FEMENINO,57.0,2021-09-01 23:59:59.000000000,4.833055555555555
2021-0073,CICLISTA,BICICLETA,FEMENINO,76.0,2021-09-18 23:59:59.000000000,11.66638888888889
2021-0074,CONDUCTOR,MOTO,MASCULINO,55.0,2021-09-20 23:59:59.000000000,8.999722222222223
2021-0075,PEATON,PEATON,MASCULINO,65.0,2021-09-21 23:59:59.000000000,9.499722222222223
2021-0076,CONDUCTOR,MOTO,MASCULINO,31.0,2021-10-16 23:59:59.000000000,17.74972222222222
2021-0077,CONDUCTOR,MOTO,FEMENINO,31.0,2021-10-18 23:59:59.000000000,16.66638888888889
2021-0078,CONDUCTOR,MOTO,MASCULINO,22.0,2021-10-23 23:59:59.000000000,17.41638888888889
2021-0079,PEATON,PEATON,MASCULINO,27.0,2021-10-25 23:59:59.000000000,20.49972222222222
2021-0080,CONDUCTOR,MOTO,MASCULINO,32.0,2021-10-28 23:59:59.000000000,7.733055555555556
2021-0081,CONDUCTOR,MOTO,MASCULINO,26.0,2021-11-02 23:59:59.000000000,10.41638888888889
2021-0082,CONDUCTOR,MOTO,MASCULINO,38.0,2021-11-06 23:59:59.000000000,19.349722222222223
2021-0083,CONDUCTOR,MOTO,MASCULINO,30.0,2021-11-09 23:59:59.000000000,23.41638888888889
2021-0084,CONDUCTOR,AUTO,MASCULINO,32.0,2021-11-11 23:59:59.000000000,20.99972222222222
2021-0097,CICLISTA,BICICLETA,MASCULINO,53.0,2021-11-19 23:59:59.000000000,41.83305555555555
2021-0085,CONDUCTOR,MOTO,MASCULINO,49.0,2021-11-20 23:59:59.000000000,5.499722222222222
2021-0086,PEATON,PEATON,MASCULINO,75.0,2021-11-25 23:59:59.000000000,13.833055555555555
2021-0087,PEATON,PEATON,FEMENINO,73.0,2021-11-27 23:59:59.000000000,12.633055555555556
2021-0088,CONDUCTOR,MOTO,MASCULINO,45.0,2021-12-07 23:59:59.000000000,152.33305555555555
2021-0089,CONDUCTOR,MOTO,MASCULINO,41.0,2021-12-11 23:59:59.000000000,238.83305555555555
2021-0090,PEATON,PEATON,MASCULINO,73.0,2022-01-03 23:59:59.000000000,588.2497222222222
2021-0091,CONDUCTOR,MOTO,MASCULINO,24.0,2021-12-11 23:59:59.000000000,0.9997222222222222
2021-0092,PEATON,PEATON,FEMENINO,50.0,2021-12-12 23:59:59.000000000,17.66638888888889
2021-0093,PASAJERO_ACOMPAÑANTE,MOTO,FEMENINO,18.0,2021-12-18 23:59:59.000000000,126.83305555555556
2021-0094,PASAJERO_ACOMPAÑANTE,MOTO,FEMENINO,43.0,2021-12-20 23:59:59.000000000,22.833055555555557
2021-0095,CONDUCTOR,MOTO,MASCULINO,27.0,2022-01-02 23:59:59.000000000,95.28305555555555
2021-0096,CONDUCTOR,AUTO,MASCULINO,60.0,2021-12-20 23:59:59.000000000,133.49972222222223
